{
  "aggregated": {
    "precision": 0.8076923076923077,
    "recall": 0.39622641509433965,
    "f1_score": 0.5316455696202532,
    "true_positives": 21,
    "false_positives": 5,
    "false_negatives": 32,
    "total_conversations": 2
  },
  "individual_metrics": [
    {
      "conversation_id": "101",
      "precision": 0.9166666666666666,
      "recall": 0.39285714285714285,
      "f1_score": 0.55,
      "true_positives": 11,
      "false_positives": 1,
      "false_negatives": 17
    },
    {
      "conversation_id": "102",
      "precision": 0.7142857142857143,
      "recall": 0.4,
      "f1_score": 0.5128205128205129,
      "true_positives": 10,
      "false_positives": 4,
      "false_negatives": 15
    }
  ]
}