{
  "precision": {
    "mean": 0.8154761904761905,
    "median": 0.8154761904761905,
    "std": 0.14310494381156316,
    "min": 0.7142857142857143,
    "max": 0.9166666666666666
  },
  "recall": {
    "mean": 0.39642857142857146,
    "median": 0.39642857142857146,
    "std": 0.005050762722761075,
    "min": 0.39285714285714285,
    "max": 0.4
  },
  "f1_score": {
    "mean": 0.5314102564102565,
    "median": 0.5314102564102565,
    "std": 0.026289867505653677,
    "min": 0.5128205128205129,
    "max": 0.55
  }
}