{
  "aggregated": {
    "precision": 0.7142857142857143,
    "recall": 0.35714285714285715,
    "f1_score": 0.4761904761904762,
    "true_positives": 10,
    "false_positives": 4,
    "false_negatives": 18,
    "total_conversations": 1
  },
  "individual_metrics": [
    {
      "conversation_id": "101",
      "precision": 0.7142857142857143,
      "recall": 0.35714285714285715,
      "f1_score": 0.4761904761904762,
      "true_positives": 10,
      "false_positives": 4,
      "false_negatives": 18
    }
  ]
}