{
  "precision": {
    "mean": 0.823136368577545,
    "median": 0.8125,
    "std": 0.07110782717979508,
    "min": 0.75,
    "max": 0.9411764705882353
  },
  "recall": {
    "mean": 0.9927083333333334,
    "median": 1.0,
    "std": 0.015567022063513805,
    "min": 0.9583333333333334,
    "max": 1.0
  },
  "f1_score": {
    "mean": 0.8985429950292929,
    "median": 0.8944788441692466,
    "std": 0.043151743538710055,
    "min": 0.8518518518518519,
    "max": 0.9696969696969697
  }
}