{
  "precision": {
    "mean": 0.8838470842338059,
    "median": 0.8888888888888888,
    "std": 0.0769095535594178,
    "min": 0.7045454545454546,
    "max": 1.0
  },
  "recall": {
    "mean": 0.9813733121956881,
    "median": 1.0,
    "std": 0.032698760366601694,
    "min": 0.8666666666666667,
    "max": 1.0
  },
  "f1_score": {
    "mean": 0.928014603435868,
    "median": 0.9310344827586207,
    "std": 0.04554075835661423,
    "min": 0.8125,
    "max": 1.0
  }
}