{
  "precision": {
    "mean": 0.7823844198214402,
    "median": 0.7857142857142857,
    "std": 0.14404703714423714,
    "min": 0.36363636363636365,
    "max": 1.0
  },
  "recall": {
    "mean": 0.4006347490465898,
    "median": 0.35357142857142854,
    "std": 0.187126054508804,
    "min": 0.1111111111111111,
    "max": 0.9375
  },
  "f1_score": {
    "mean": 0.5102599378808619,
    "median": 0.4832432432432433,
    "std": 0.1678391554379948,
    "min": 0.19512195121951217,
    "max": 0.909090909090909
  }
}