{
  "precision": {
    "mean": 0.7571237965852078,
    "median": 0.7638888888888888,
    "std": 0.1425504471028835,
    "min": 0.42857142857142855,
    "max": 1.0
  },
  "recall": {
    "mean": 0.3737680576568647,
    "median": 0.3333333333333333,
    "std": 0.16966343777210152,
    "min": 0.08333333333333333,
    "max": 0.875
  },
  "f1_score": {
    "mean": 0.48539283248141935,
    "median": 0.4593406593406594,
    "std": 0.1584394127841279,
    "min": 0.15,
    "max": 0.8936170212765957
  }
}