{
  "precision": {
    "mean": 0.8848059826553443,
    "median": 0.9259259259259259,
    "std": 0.17817903513804756,
    "min": 0.0,
    "max": 1.0
  },
  "recall": {
    "mean": 0.935094343767011,
    "median": 0.9660138248847927,
    "std": 0.1715120514497106,
    "min": 0.0,
    "max": 1.0
  },
  "f1_score": {
    "mean": 0.9071218782359509,
    "median": 0.9381377551020408,
    "std": 0.17008481323450475,
    "min": 0.0,
    "max": 1.0
  }
}