{
  "precision": {
    "mean": 0.8381142589380669,
    "median": 0.8387096774193549,
    "std": 0.07137819311798205,
    "min": 0.6842105263157895,
    "max": 1.0
  },
  "recall": {
    "mean": 0.982841907792215,
    "median": 1.0,
    "std": 0.029455272528725998,
    "min": 0.8666666666666667,
    "max": 1.0
  },
  "f1_score": {
    "mean": 0.9029789139992508,
    "median": 0.898550724637681,
    "std": 0.04410425103786314,
    "min": 0.7878787878787878,
    "max": 1.0
  }
}