{
  "precision": {
    "mean": 0.7802030289296785,
    "median": 0.7703296703296704,
    "std": 0.07257866207688882,
    "min": 0.6153846153846154,
    "max": 0.9411764705882353
  },
  "recall": {
    "mean": 0.9329521740261663,
    "median": 0.9629629629629629,
    "std": 0.1072107012959188,
    "min": 0.3333333333333333,
    "max": 1.0
  },
  "f1_score": {
    "mean": 0.8456204736870633,
    "median": 0.8532998565279771,
    "std": 0.07746158492277479,
    "min": 0.43243243243243246,
    "max": 0.9696969696969697
  }
}