{
  "precision": {
    "mean": 0.9157345408274686,
    "median": 0.92,
    "std": 0.06003434485593022,
    "min": 0.7857142857142857,
    "max": 1.0
  },
  "recall": {
    "mean": 0.9865368197117269,
    "median": 1.0,
    "std": 0.0350980932140964,
    "min": 0.8,
    "max": 1.0
  },
  "f1_score": {
    "mean": 0.9487773576953465,
    "median": 0.9565217391304348,
    "std": 0.040205694403346884,
    "min": 0.8000000000000002,
    "max": 1.0
  }
}