{
  "precision": {
    "mean": 0.9248357513275988,
    "median": 0.9411764705882353,
    "std": 0.07832759194035632,
    "min": 0.6,
    "max": 1.0
  },
  "recall": {
    "mean": 0.8805055661053913,
    "median": 0.9215384615384616,
    "std": 0.16084915051056012,
    "min": 0.1935483870967742,
    "max": 1.0
  },
  "f1_score": {
    "mean": 0.8934307923094829,
    "median": 0.9271827500883705,
    "std": 0.12789706421302902,
    "min": 0.2926829268292683,
    "max": 1.0
  }
}