{
  "precision": {
    "mean": 0.9321719807611555,
    "median": 0.9383301707779885,
    "std": 0.061245318095509885,
    "min": 0.7586206896551724,
    "max": 1.0
  },
  "recall": {
    "mean": 0.9880880761596693,
    "median": 1.0,
    "std": 0.02511355745904775,
    "min": 0.8666666666666667,
    "max": 1.0
  },
  "f1_score": {
    "mean": 0.9582785784828376,
    "median": 0.9642857142857143,
    "std": 0.03734970387535959,
    "min": 0.830188679245283,
    "max": 1.0
  }
}