{
  "precision": {
    "mean": 0.8635039565066132,
    "median": 0.8722826086956521,
    "std": 0.10729353566189291,
    "min": 0.5454545454545454,
    "max": 1.0
  },
  "recall": {
    "mean": 0.7476156177930315,
    "median": 0.8366666666666667,
    "std": 0.24952665395501022,
    "min": 0.17857142857142858,
    "max": 1.0
  },
  "f1_score": {
    "mean": 0.7813387082837001,
    "median": 0.851063829787234,
    "std": 0.1970243097215446,
    "min": 0.2857142857142857,
    "max": 1.0
  }
}