{
  "precision": {
    "mean": 0.9367455257174364,
    "median": 0.9642857142857143,
    "std": 0.145278988104926,
    "min": 0.0,
    "max": 1.0
  },
  "recall": {
    "mean": 0.9441979092860404,
    "median": 0.9649014778325123,
    "std": 0.14200473803374417,
    "min": 0.0,
    "max": 1.0
  },
  "f1_score": {
    "mean": 0.9394528134349212,
    "median": 0.9696969696969697,
    "std": 0.1405375677109563,
    "min": 0.0,
    "max": 1.0
  }
}