{
  "precision": {
    "mean": 0.8404739507684639,
    "median": 0.8509259259259259,
    "std": 0.08128950271996545,
    "min": 0.6222222222222222,
    "max": 1.0
  },
  "recall": {
    "mean": 0.9912149552245141,
    "median": 1.0,
    "std": 0.02530588051299627,
    "min": 0.8,
    "max": 1.0
  },
  "f1_score": {
    "mean": 0.907406362184147,
    "median": 0.9184758529020823,
    "std": 0.05030869288383235,
    "min": 0.7671232876712328,
    "max": 1.0
  }
}