{
  "precision": {
    "mean": 0.7142857142857143,
    "median": 0.7142857142857143,
    "std": NaN,
    "min": 0.7142857142857143,
    "max": 0.7142857142857143
  },
  "recall": {
    "mean": 0.35714285714285715,
    "median": 0.35714285714285715,
    "std": NaN,
    "min": 0.35714285714285715,
    "max": 0.35714285714285715
  },
  "f1_score": {
    "mean": 0.4761904761904762,
    "median": 0.4761904761904762,
    "std": NaN,
    "min": 0.4761904761904762,
    "max": 0.4761904761904762
  }
}