{
  "precision": {
    "mean": 0.9437377285520979,
    "median": 0.9523809523809523,
    "std": 0.0505529134205258,
    "min": 0.8125,
    "max": 1.0
  },
  "recall": {
    "mean": 0.9644841024309408,
    "median": 0.96875,
    "std": 0.04791758002690056,
    "min": 0.75,
    "max": 1.0
  },
  "f1_score": {
    "mean": 0.9526717848441993,
    "median": 0.9565217391304348,
    "std": 0.03558189124542143,
    "min": 0.8275862068965518,
    "max": 1.0
  }
}